PIK3CA	p.G12C	https://cancer.sanger.ac.uk/cmc/gene/PIK3CA/codon/12/mutation/21253425
PIK3CA	p.V105I	https://cancer.sanger.ac.uk/cmc/gene/PIK3CA/codon/105/mutation/21288777
PIK3CA	p.S308F	https://cancer.sanger.ac.uk/cmc/gene/PIK3CA/codon/308/mutation/21291895
PIK3CA	p.Y343C	https://cancer.sanger.ac.uk/cmc/gene/PIK3CA/codon/343/mutation/21258402
PIK3CA	p.G451V	https://cancer.sanger.ac.uk/cmc/gene/PIK3CA/codon/451/mutation/21253948
PIK3CA	p.T544N	https://cancer.sanger.ac.uk/cmc/gene/PIK3CA/codon/544/mutation/21222663
PIK3CA	p.R899C	https://cancer.sanger.ac.uk/cmc/gene/PIK3CA/codon/899/mutation/21257397
PIK3CA	p.I31M	https://cancer.sanger.ac.uk/cmc/gene/PIK3CA/codon/31/mutation/21271717
PIK3CA	p.N145S	https://cancer.sanger.ac.uk/cmc/gene/PIK3CA/codon/145/mutation/21270792
PIK3CA	p.I225M	https://cancer.sanger.ac.uk/cmc/gene/PIK3CA/codon/225/mutation/21287517
PIK3CA	p.M282I	https://cancer.sanger.ac.uk/cmc/gene/PIK3CA/codon/282/mutation/21281502
PIK3CA	p.D352Y	https://cancer.sanger.ac.uk/cmc/gene/PIK3CA/codon/352/mutation/21262656
PIK3CA	p.S499F	https://cancer.sanger.ac.uk/cmc/gene/PIK3CA/codon/499/mutation/21262524
PIK3CA	p.E522G	https://cancer.sanger.ac.uk/cmc/gene/PIK3CA/codon/522/mutation/21290213
PIK3CA	p.V580A	https://cancer.sanger.ac.uk/cmc/gene/PIK3CA/codon/580/mutation/21272605
PIK3CA	p.P778S	https://cancer.sanger.ac.uk/cmc/gene/PIK3CA/codon/778/mutation/21253519
PIK3CA	p.L779R	https://cancer.sanger.ac.uk/cmc/gene/PIK3CA/codon/779/mutation/21262190
PIK3CA	p.S1008P	https://cancer.sanger.ac.uk/cmc/gene/PIK3CA/codon/1008/mutation/21273547
PIK3CA	p.D1045Y	https://cancer.sanger.ac.uk/cmc/gene/PIK3CA/codon/1045/mutation/21268125
PIK3CA	p.H1048L	https://cancer.sanger.ac.uk/cmc/gene/PIK3CA/codon/1048/mutation/21220134
NRAS	p.V8A	https://cancer.sanger.ac.uk/cmc/gene/NRAS/codon/8/mutation/37491100
NRAS	p.V9A	https://cancer.sanger.ac.uk/cmc/gene/NRAS/codon/9/mutation/37474070
NRAS	p.D33E	https://cancer.sanger.ac.uk/cmc/gene/NRAS/codon/33/mutation/37480692
NRAS	p.D33H	https://cancer.sanger.ac.uk/cmc/gene/NRAS/codon/33/mutation/37465742
NRAS	p.G48S	https://cancer.sanger.ac.uk/cmc/gene/NRAS/codon/48/mutation/37461306
NRAS	p.A59G	https://cancer.sanger.ac.uk/cmc/gene/NRAS/codon/59/mutation/37476519
NRAS	p.G60V	https://cancer.sanger.ac.uk/cmc/gene/NRAS/codon/60/mutation/37461351
NRAS	p.Y64C	https://cancer.sanger.ac.uk/cmc/gene/NRAS/codon/64/mutation/37485231
NRAS	p.R97G	https://cancer.sanger.ac.uk/cmc/gene/NRAS/codon/97/mutation/37477673
NRAS	p.H131R	https://cancer.sanger.ac.uk/cmc/gene/NRAS/codon/131/mutation/37460054
NRAS	p.G138E	https://cancer.sanger.ac.uk/cmc/gene/NRAS/codon/138/mutation/37479529
NRAS	p.A146V	https://cancer.sanger.ac.uk/cmc/gene/NRAS/codon/146/mutation/37474888
NRAS	p.A146T	https://cancer.sanger.ac.uk/cmc/gene/NRAS/codon/146/mutation/37459307
NRAS	p.T148S	https://cancer.sanger.ac.uk/cmc/gene/NRAS/codon/148/mutation/37489044
NRAS	p.E153A	https://cancer.sanger.ac.uk/cmc/gene/NRAS/codon/153/mutation/37490976
NRAS	p.P185A	https://cancer.sanger.ac.uk/cmc/gene/NRAS/codon/185/mutation/37488249
NRAS	p.V188A	https://cancer.sanger.ac.uk/cmc/gene/NRAS/codon/188/mutation/37466563
CTNNB1	p.P44S	https://cancer.sanger.ac.uk/cmc/gene/CTNNB1/codon/44/mutation/31425423
CTNNB1	p.E67K	https://cancer.sanger.ac.uk/cmc/gene/CTNNB1/codon/67/mutation/31441784
CTNNB1	p.E67N	https://cancer.sanger.ac.uk/cmc/gene/CTNNB1/codon/67/mutation/31427655
CTNNB1	p.D83N	https://cancer.sanger.ac.uk/cmc/gene/CTNNB1/codon/83/mutation/31432433
CTNNB1	p.C213F	https://cancer.sanger.ac.uk/cmc/gene/CTNNB1/codon/213/mutation/31452344)
CTNNB1	p.E226D	https://cancer.sanger.ac.uk/cmc/gene/CTNNB1/codon/226/mutation/31426642
CTNNB1	p.N287S	https://cancer.sanger.ac.uk/cmc/gene/CTNNB1/codon/287/mutation/31425915
CTNNB1	p.A295T	https://cancer.sanger.ac.uk/cmc/gene/CTNNB1/codon/295/mutation/31452986
CTNNB1	p.C419R	https://cancer.sanger.ac.uk/cmc/gene/CTNNB1/codon/419/mutation/31449119
CTNNB1	p.D624N	https://cancer.sanger.ac.uk/cmc/gene/CTNNB1/codon/624/mutation/31429750
CTNNB1	p.L640Q	https://cancer.sanger.ac.uk/cmc/gene/CTNNB1/codon/640/mutation/31452515
CTNNB1	p.A657T	https://cancer.sanger.ac.uk/cmc/gene/CTNNB1/codon/657/mutation/31435645
CTNNB1	p.M688I	https://cancer.sanger.ac.uk/cmc/gene/CTNNB1/codon/688/mutation/31454481
CTNNB1	p.P714R	https://cancer.sanger.ac.uk/cmc/gene/CTNNB1/codon/714/mutation/31428881
CTNNB1	p.H720P	https://cancer.sanger.ac.uk/cmc/gene/CTNNB1/codon/720/mutation/31435305
TP53	p.L45P	https://cancer.sanger.ac.uk/cmc/gene/TP53/codon/45/mutation/23560846
TP53	p.T81I	https://cancer.sanger.ac.uk/cmc/gene/TP53/codon/81/mutation/23291505
TP53	p.L93M	https://cancer.sanger.ac.uk/cmc/gene/TP53/codon/93/mutation/23683171
TP53	P.V97A	https://cancer.sanger.ac.uk/cmc/gene/TP53/codon/97/mutation/23515339
TP53	p.R174M	https://cancer.sanger.ac.uk/cmc/gene/TP53/codon/174/mutation/23515543
TP53	p.G245D	https://cancer.sanger.ac.uk/cmc/gene/TP53/codon/245/mutation/23264959
TP53	p.R249G	https://cancer.sanger.ac.uk/cmc/gene/TP53/codon/249/mutation/23262523
TP53	p.N263D	https://cancer.sanger.ac.uk/cmc/gene/TP53/codon/263/mutation/23509693
TP53	p.L265R	https://cancer.sanger.ac.uk/cmc/gene/TP53/codon/265/mutation/23366971
TP53	p.S269T	https://cancer.sanger.ac.uk/cmc/gene/TP53/codon/269/mutation/23414370
TP53	p.E287V	https://cancer.sanger.ac.uk/cmc/gene/TP53/codon/287/mutation/23606548
TP53	p.E298Q	https://cancer.sanger.ac.uk/cmc/gene/TP53/codon/298/mutation/23365131
TP53	p.S392L	https://cancer.sanger.ac.uk/cmc/gene/TP53/codon/392/mutation/23414808
HRAS	p.V7L	https://cancer.sanger.ac.uk/cmc/gene/HRAS/codon/7/mutation/62101422
HRAS	p.S17T	https://cancer.sanger.ac.uk/cmc/gene/HRAS/codon/17/mutation/62100805
HRAS	p.D33Y	https://cancer.sanger.ac.uk/cmc/gene/HRAS/codon/33/mutation/62093349
HRAS	p.D33N	https://cancer.sanger.ac.uk/cmc/gene/HRAS/codon/33/mutation/62091158
HRAS	p.P34S	https://cancer.sanger.ac.uk/cmc/gene/HRAS/codon/34/mutation/62094998
HRAS	p.R68Q	https://cancer.sanger.ac.uk/cmc/gene/HRAS/codon/68/mutation/62104218
HRAS	p.G75E	https://cancer.sanger.ac.uk/cmc/gene/HRAS/codon/75/mutation/62100976
HRAS	p.K88E	https://cancer.sanger.ac.uk/cmc/gene/HRAS/codon/88/mutation/62100332
HRAS	p.S89C	https://cancer.sanger.ac.uk/cmc/gene/HRAS/codon/89/mutation/62102973
HRAS	p.D119H	https://cancer.sanger.ac.uk/cmc/gene/HRAS/codon/119/mutation/62092831
HRAS	p.A122V	https://cancer.sanger.ac.uk/cmc/gene/HRAS/codon/122/mutation/62100954
HRAS	p.R123H	https://cancer.sanger.ac.uk/cmc/gene/HRAS/codon/123/mutation/62100650
HRAS	p.A155D	https://cancer.sanger.ac.uk/cmc/gene/HRAS/codon/155/mutation/62102561
KRAS	p.V14A	https://cancer.sanger.ac.uk/cmc/gene/kras/codon/14/mutation/24899034
KRAS	p.T20P	https://cancer.sanger.ac.uk/cmc/gene/kras/codon/20/mutation/25009738)
KRAS	p.L23R	https://cancer.sanger.ac.uk/cmc/gene/kras/codon/23/mutation/24833195
KRAS	p.L23I	https://cancer.sanger.ac.uk/cmc/gene/kras/codon/23/mutation/24929730
KRAS	p.P34R	https://cancer.sanger.ac.uk/cmc/gene/kras/codon/34/mutation/24975001
KRAS	p.D57N	https://cancer.sanger.ac.uk/cmc/gene/kras/codon/57/mutation/24887880)
KRAS	p.T74A	https://cancer.sanger.ac.uk/cmc/gene/kras/codon/74/mutation/24983171
KRAS	p.D126E	https://cancer.sanger.ac.uk/cmc/gene/kras/codon/126/mutation/24987400
KRAS	p.K147T	https://cancer.sanger.ac.uk/cmc/gene/kras/codon/147/mutation/24869991
KRAS	p.E162Q	https://cancer.sanger.ac.uk/cmc/gene/kras/codon/162/mutation/24899999),
KRAS	p.K176Q	https://cancer.sanger.ac.uk/cmc/gene/kras/codon/176/mutation/24848111
KRAS	p.K182E	https://cancer.sanger.ac.uk/cmc/gene/kras/codon/182/mutation/24901733
KIT	p.P41T	https://cancer.sanger.ac.uk/cmc/gene/KIT/codon/41/mutation/25405669
KIT	p.T322A	https://cancer.sanger.ac.uk/cmc/gene/KIT/codon/322/mutation/25418141
KIT	p.S375R	https://cancer.sanger.ac.uk/cmc/gene/KIT/codon/375/mutation/25413300
KIT	p.P456Q	https://cancer.sanger.ac.uk/cmc/gene/KIT/codon/456/mutation/25404017
KIT	p.D458V	https://cancer.sanger.ac.uk/cmc/gene/KIT/codon/458/mutation/25428641
KIT	p.N512D	https://cancer.sanger.ac.uk/cmc/gene/KIT/codon/512/mutation/25413365
KIT	p.Y547N	https://cancer.sanger.ac.uk/cmc/gene/KIT/codon/547/mutation/25402385
KIT	p.G610D	https://cancer.sanger.ac.uk/cmc/gene/KIT/codon/610/mutation/25430144
KIT	p.S639P	https://cancer.sanger.ac.uk/cmc/gene/KIT/codon/639/mutation/25401599
KIT	p.Y774C	https://cancer.sanger.ac.uk/cmc/gene/KIT/codon/774/mutation/25406753
KIT	p.F848L	https://cancer.sanger.ac.uk/cmc/gene/KIT/codon/848/mutation/25431050
ALK	p.S114L	https://cancer.sanger.ac.uk/cmc/gene/ALK/codon/114/mutation/41920122
ALK	p.L334P	https://cancer.sanger.ac.uk/cmc/gene/ALK/codon/334/mutation/41925979
ALK	p.S439R	https://cancer.sanger.ac.uk/cmc/gene/ALK/codon/439/mutation/41892646
ALK	p.P675L	https://cancer.sanger.ac.uk/cmc/gene/ALK/codon/675/mutation/41888418
ALK	p.R753Q	https://cancer.sanger.ac.uk/cmc/gene/ALK/codon/753/mutation/41874032
ALK	p.V757M	https://cancer.sanger.ac.uk/cmc/gene/ALK/codon/757/mutation/41908763
ALK	p.A848S	https://cancer.sanger.ac.uk/cmc/gene/ALK/codon/848/mutation/41922940
ALK	p.E1241Q	https://cancer.sanger.ac.uk/cmc/gene/ALK/codon/1241/mutation/41869005
ALK	p.E1435V	https://cancer.sanger.ac.uk/cmc/gene/ALK/codon/1435/mutation/41913690
GNAS	p.M162V	https://cancer.sanger.ac.uk/cmc/gene/GNAS/codon/162/mutation/36439738
GNAS	p.S293F	https://cancer.sanger.ac.uk/cmc/gene/GNAS/codon/293/mutation/36450371
GNAS	p.T296M	https://cancer.sanger.ac.uk/cmc/gene/GNAS/codon/296/mutation/36430800
GNAS	p.R561H	https://cancer.sanger.ac.uk/cmc/gene/GNAS/codon/561/mutation/36428892
GNAS	p.D670N	https://cancer.sanger.ac.uk/cmc/gene/GNAS/codon/670/mutation/36438234
GNAS	p.E676K	https://cancer.sanger.ac.uk/cmc/gene/GNAS/codon/676/mutation/36444935
GNAS	p.P720L	https://cancer.sanger.ac.uk/cmc/gene/GNAS/codon/720/mutation/36432268
GNAS	p.A752V	https://cancer.sanger.ac.uk/cmc/gene/GNAS/codon/752/mutation/36443705
GNAS	p.I931F	https://cancer.sanger.ac.uk/cmc/gene/GNAS/codon/931/mutation/36429910
MAP2K1	p.S72G	https://cancer.sanger.ac.uk/cmc/gene/MAP2K1/codon/72/mutation/28198349
MAP2K1	p.H119Q	https://cancer.sanger.ac.uk/cmc/gene/MAP2K1/codon/119/mutation/28208368
MAP2K1	p.P162H	https://cancer.sanger.ac.uk/cmc/gene/MAP2K1/codon/162/mutation/28198576
MAP2K1	p.H184Q	https://cancer.sanger.ac.uk/cmc/gene/MAP2K1/codon/184/mutation/28202989
MAP2K1	p.R291K	https://cancer.sanger.ac.uk/cmc/gene/MAP2K1/codon/291/mutation/28208728
MAP2K1	p.P322S	https://cancer.sanger.ac.uk/cmc/gene/MAP2K1/codon/322/mutation/28207446
MAP2K1	p.H358Q	https://cancer.sanger.ac.uk/cmc/gene/MAP2K1/codon/358/mutation/28197841
FGFR3	p.L8F	https://cancer.sanger.ac.uk/cmc/gene/FGFR3/codon/8/mutation/33469489
FGFR3	p.A150V	https://cancer.sanger.ac.uk/cmc/gene/FGFR3/codon/150/mutation/33478410
FGFR3	p.A281T	https://cancer.sanger.ac.uk/cmc/gene/FGFR3/codon/281/mutation/33477963
FGFR3	p.R399L	https://cancer.sanger.ac.uk/cmc/gene/FGFR3/codon/399/mutation/33458065
FGFR3	p.G551R	https://cancer.sanger.ac.uk/cmc/gene/FGFR3/codon/551/mutation/33461137
FGFR3	p.D582N	https://cancer.sanger.ac.uk/cmc/gene/FGFR3/codon/582/mutation/33456470
FGFR3	p.G639W	https://cancer.sanger.ac.uk/cmc/gene/FGFR3/codon/639/mutation/33482084
IDH2	p.D54N	https://cancer.sanger.ac.uk/cmc/gene/IDH2/codon/54/mutation/30526542
IDH2	p.G55S	https://cancer.sanger.ac.uk/cmc/gene/IDH2/codon/55/mutation/30528565
IDH2	p.W164C	https://cancer.sanger.ac.uk/cmc/gene/IDH2/codon/164/mutation/30519310
IDH2	p.P213T	https://cancer.sanger.ac.uk/cmc/gene/IDH2/codon/213/mutation/30522845
IDH2	p.M219L	https://cancer.sanger.ac.uk/cmc/gene/IDH2/codon/219/mutation/30518108
IDH2	p.T352P	https://cancer.sanger.ac.uk/cmc/gene/IDH2/codon/352/mutation/30522343
ERBB2	p.G19R	https://cancer.sanger.ac.uk/cmc/gene/ERBB2/codon/19/mutation/24186385
ERBB2	p.S189C	https://cancer.sanger.ac.uk/cmc/gene/ERBB2/codon/189/mutation/24167873
ERBB2	p.D277N	https://cancer.sanger.ac.uk/cmc/gene/ERBB2/codon/277/mutation/24182991
ERBB2	p.S442L	https://cancer.sanger.ac.uk/cmc/gene/ERBB2/codon/442/mutation/24176009
ERBB2	p.R545Q	https://cancer.sanger.ac.uk/cmc/gene/ERBB2/codon/545/mutation/24171020
ERBB2	p.I740T	https://cancer.sanger.ac.uk/cmc/gene/ERBB2/codon/740/mutation/24184073
PTPN11	p.G13D	https://cancer.sanger.ac.uk/cmc/gene/PTPN11/codon/13/mutation/33547387
PTPN11	p.V45I	https://cancer.sanger.ac.uk/cmc/gene/PTPN11/codon/45/mutation/33538722
PTPN11	p.S142N	https://cancer.sanger.ac.uk/cmc/gene/PTPN11/codon/142/mutation/33546585
PTPN11	p.R384H	https://cancer.sanger.ac.uk/cmc/gene/PTPN11/codon/384/mutation/33545682
PTPN11	p.D487Y	https://cancer.sanger.ac.uk/cmc/gene/PTPN11/codon/487/mutation/33538227
PTPN11	p.R498W	https://cancer.sanger.ac.uk/cmc/gene/PTPN11/codon/498/mutation/33539205
RET	p.A472V	https://cancer.sanger.ac.uk/cmc/gene/RET/codon/472/mutation/32250084
RET	p.A496G	https://cancer.sanger.ac.uk/cmc/gene/RET/codon/496/mutation/32258801
RET	p.K662T	https://cancer.sanger.ac.uk/cmc/gene/RET/codon/662/mutation/32249682
RET	p.M848R	https://cancer.sanger.ac.uk/cmc/gene/RET/codon/848/mutation/32255214
FLT3	p.N289S	https://cancer.sanger.ac.uk/cmc/gene/FLT3/codon/289/mutation/23546144
FLT3	p.A447V	https://cancer.sanger.ac.uk/cmc/gene/FLT3/codon/447/mutation/23545601
FLT3	p.K568E	https://cancer.sanger.ac.uk/cmc/gene/FLT3/codon/568/mutation/23555259
FLT3	p.E672K	https://cancer.sanger.ac.uk/cmc/gene/FLT3/codon/672/mutation/23540286
FLT3	p.E767K	https://cancer.sanger.ac.uk/cmc/gene/FLT3/codon/767/mutation/23547964
FLT3	p.M908V	https://cancer.sanger.ac.uk/cmc/gene/FLT3/codon/908/mutation/23535293
IDH1	p.L37F	https://cancer.sanger.ac.uk/cmc/gene/IDH1/codon/37/mutation/52869834
IDH1	p.I215F	https://cancer.sanger.ac.uk/cmc/gene/IDH1/codon/215/mutation/52858490
IDH1	p.L216Q	https://cancer.sanger.ac.uk/cmc/gene/IDH1/codon/216/mutation/52873482
IDH1	p.R222H	https://cancer.sanger.ac.uk/cmc/gene/IDH1/codon/222/mutation/52869488
IDH1	p.D347H	https://cancer.sanger.ac.uk/cmc/gene/IDH1/codon/347/mutation/52876645
CBL	p.Q207K	https://cancer.sanger.ac.uk/cmc/gene/CBL/codon/207/mutation/21481332
CBL	p.L281H	https://cancer.sanger.ac.uk/cmc/gene/CBL/codon/281/mutation/21481142
CBL	p.R540Q	https://cancer.sanger.ac.uk/cmc/gene/CBL/codon/540/mutation/21474834
CBL	p.S839N	https://cancer.sanger.ac.uk/cmc/gene/CBL/codon/839/mutation/21472697
BRAF	p.S36A	https://cancer.sanger.ac.uk/cmc/gene/BRAF/codon/36/mutation/23064773
BRAF	p.L185M	https://cancer.sanger.ac.uk/cmc/gene/BRAF/codon/185/mutation/23184653
BRAF	p.F610I	https://cancer.sanger.ac.uk/cmc/gene/BRAF/codon/610/mutation/23201011
BRAF	p.S607F	https://cancer.sanger.ac.uk/cmc/gene/BRAF/codon/607/mutation/23072833
ABL1	p.R66G	https://cancer.sanger.ac.uk/cmc/gene/ABL1/codon/66/mutation/38436764
ABL1	p.V86F	https://cancer.sanger.ac.uk/cmc/gene/ABL1/codon/86/mutation/38436153
ABL1	p.S404R	https://cancer.sanger.ac.uk/cmc/gene/ABL1/codon/404/mutation/38434038
ABL1	p.G684W	https://cancer.sanger.ac.uk/cmc/gene/ABL1/codon/684/mutation/38420824
GNAQ	p.I62N	https://cancer.sanger.ac.uk/cmc/gene/GNAQ/codon/62/mutation/24270016
GNAQ	p.H63R	https://cancer.sanger.ac.uk/cmc/gene/GNAQ/codon/63/mutation/24268503
GNAQ	p.T224N	https://cancer.sanger.ac.uk/cmc/gene/GNAQ/codon/224/mutation/24268038
GNAQ	p.K354N	https://cancer.sanger.ac.uk/cmc/gene/GNAQ/codon/354/mutation/24269828
GNA11	p.V184M	https://cancer.sanger.ac.uk/cmc/gene/GNA11/codon/184/mutation/21668066
GNA11	p.S268F	https://cancer.sanger.ac.uk/cmc/gene/GNA11/codon/268/mutation/21668794
GNA11	p.L353V	https://cancer.sanger.ac.uk/cmc/gene/GNA11/codon/353/mutation/21669667
AR	p.L56Q	https://cancer.sanger.ac.uk/cmc/gene/AR/codon/56/mutation/41789315
AR	p.S220F	https://cancer.sanger.ac.uk/cmc/gene/AR/codon/220/mutation/41792059
AR	p.Y364N	https://cancer.sanger.ac.uk/cmc/gene/AR/codon/364/mutation/41793839
MTOR	p.R160S	https://cancer.sanger.ac.uk/cmc/gene/MTOR/codon/160/mutation/35528772
MTOR	p.R173C	https://cancer.sanger.ac.uk/cmc/gene/MTOR/codon/173/mutation/35535165
MTOR	p.T1985K	https://cancer.sanger.ac.uk/cmc/gene/MTOR/codon/1985/mutation/35544272
FGFR1	p.S482F	https://cancer.sanger.ac.uk/cmc/gene/FGFR1/codon/483/mutation/56820412
FGFR1	p.E835K	https://cancer.sanger.ac.uk/cmc/gene/FGFR1/codon/835/mutation/56831167
CREBBP	p.A410V	https://cancer.sanger.ac.uk/cmc/gene/CREBBP/codon/410/mutation/22810346
CREBBP	p.P2176L	https://cancer.sanger.ac.uk/cmc/gene/CREBBP/codon/2176/mutation/22803010
MET	p.T621I	https://cancer.sanger.ac.uk/cmc/gene/MET/codon/621/mutation/26776379
MET	p.S1050F	https://cancer.sanger.ac.uk/cmc/gene/MET/codon/1050/mutation/26770563
WT1	p.G321R	https://cancer.sanger.ac.uk/cmc/gene/WT1/codon/321/mutation/28638545
WT1	p.D436N	https://cancer.sanger.ac.uk/cmc/gene/WT1/codon/436/mutation/28647904
NFE2L2	p.E152K	https://cancer.sanger.ac.uk/cmc/gene/NFE2L2/codon/152/mutation/46901199
NFE2L2	p.R515T	https://cancer.sanger.ac.uk/cmc/gene/NFE2L2/codon/515/mutation/46902567
EGFR	p.G312W	https://cancer.sanger.ac.uk/cmc/gene/EGFR/codon/312/mutation/22509348
EGFR	p.T847K	https://cancer.sanger.ac.uk/cmc/gene/EGFR/codon/847/mutation/22515782
RUNX1	p.K171N	https://cancer.sanger.ac.uk/cmc/gene/RUNX1/codon/171/mutation/25915204
RUNX1	p.P294S	https://cancer.sanger.ac.uk/cmc/gene/RUNX1/codon/294/mutation/25914906
CDK4	p.R122C	https://cancer.sanger.ac.uk/cmc/gene/CDk4/codon/122/mutation/21830557
CDK4	p.R210P	https://cancer.sanger.ac.uk/cmc/gene/CDk4/codon/210/mutation/21831579
PDGFRA	p.L593I	https://cancer.sanger.ac.uk/cmc/gene/PDGFRA/codon/593/mutation/21163977
PDGFRA	p.P895L	https://cancer.sanger.ac.uk/cmc/gene/PDGFRA/codon/895/mutation/21166431
CSF3R	p.P558L	https://cancer.sanger.ac.uk/cmc/gene/CSF3R/codon/558/mutation/41680721
SMO	p.L243I	https://cancer.sanger.ac.uk/cmc/gene/SMO/codon/243/mutation/21003459
KCNJ5	p.V121F	https://cancer.sanger.ac.uk/cmc/gene/KCNJ5/codon/121/mutation/84158127
SF3B1	p.P418L	https://cancer.sanger.ac.uk/cmc/gene/SF3B1/codon/418/mutation/29181287
FGFR2	p.E236K	https://cancer.sanger.ac.uk/cmc/gene/FGFR2/codon/236/mutation/63477995
MYC	p.P177R	https://cancer.sanger.ac.uk/cmc/gene/MYC/codon/177/mutation/40027536
MPL	p.R523G	https://cancer.sanger.ac.uk/cmc/gene/MPL/codon/523/mutation/39292505
JAK2	p.E889K	https://cancer.sanger.ac.uk/cmc/gene/JAK2/codon/889/mutation/44062493
AKT1	p.T172I	https://cancer.sanger.ac.uk/cmc/gene/AKT1/codon/172/mutation/89664864
SETBP1	p.P609L	https://cancer.sanger.ac.uk/cmc/gene/SETBP1/codon/609/mutation/21155395
ACVR1	p.S20G	https://cancer.sanger.ac.uk/cmc/gene/ACVR1/codon/20/mutation/20204683
BMPR1A	p.E123Q	https://cancer.sanger.ac.uk/cmc/gene/BMPR1A/codon/123/mutation/37219924
RAF1	p.N140H	https://cancer.sanger.ac.uk/cmc/gene/RAF1/codon/140/mutation/22092071
BTK	p.R255P	https://cancer.sanger.ac.uk/cmc/gene/BTK/codon/255/mutation/25497061
ATP1A1	p.H44R	https://cancer.sanger.ac.uk/cmc/gene/ATP1A1/codon/44/mutation/87316536
FGFR4	p.V539F	https://cancer.sanger.ac.uk/cmc/gene/FGFR4/codon/539/mutation/25003037
MYD88	p.L167P	https://cancer.sanger.ac.uk/cmc/gene/MYD88/codon/167/mutation/51075237
NOTCH1	p.A2101T	https://cancer.sanger.ac.uk/cmc/gene/NOTCH1/codon/2101/mutation/23670262
RRAS2	p.D49N	https://cancer.sanger.ac.uk/cmc/gene/RRAS2/codon/49/mutation/20094018
CRLF2	p.V244M	https://cancer.sanger.ac.uk/cmc/gene/CRLF2/codon/244/mutation/43642836